index,radius_AU,mass,size
0,1.771576e+00,0.000000e+00,0.000000e+00
1,1.641603e-01,7.065397e-08,0.000000e+00
2,1.640756e-01,1.388068e-07,0.000000e+00
3,1.639025e-01,2.699904e-07,0.000000e+00
4,1.641437e-01,6.291369e-08,0.000000e+00
5,1.639215e-01,6.127220e-08,0.000000e+00
6,1.640228e-01,1.178034e-07,0.000000e+00
7,1.639863e-01,5.663944e-08,0.000000e+00
8,1.639187e-01,5.518550e-08,0.000000e+00
9,1.640968e-01,1.061849e-07,0.000000e+00
10,1.638811e-01,5.108524e-08,0.000000e+00
11,1.639024e-01,4.979843e-08,0.000000e+00
12,1.639021e-01,4.854111e-08,0.000000e+00
13,1.638614e-01,4.732706e-08,0.000000e+00
14,1.640480e-01,4.613506e-08,0.000000e+00
15,1.638868e-01,4.497615e-08,0.000000e+00
16,1.639644e-01,4.383994e-08,0.000000e+00
17,1.640051e-01,4.272696e-08,0.000000e+00
18,1.639774e-01,4.164226e-08,0.000000e+00
19,1.638947e-01,4.056848e-08,0.000000e+00
20,1.640898e-01,3.951806e-08,0.000000e+00
21,1.638919e-01,3.847857e-08,0.000000e+00
22,1.639613e-01,3.745127e-08,0.000000e+00
23,1.639349e-01,3.644055e-08,0.000000e+00
24,1.638363e-01,3.543108e-08,0.000000e+00
25,1.640333e-01,3.444168e-08,0.000000e+00
26,1.637813e-01,3.346663e-08,0.000000e+00
27,1.637733e-01,3.249021e-08,0.000000e+00
28,1.639611e-01,3.154219e-08,0.000000e+00
29,1.640642e-01,3.061354e-08,0.000000e+00
30,1.640683e-01,2.967647e-08,0.000000e+00
31,1.639482e-01,2.871066e-08,0.000000e+00
32,1.640420e-01,2.782678e-08,0.000000e+00
33,1.640016e-01,2.696869e-08,0.000000e+00
34,1.638175e-01,2.607265e-08,0.000000e+00
35,1.638642e-01,2.513799e-08,0.000000e+00
36,1.637752e-01,2.422851e-08,0.000000e+00
37,1.639563e-01,2.340378e-08,0.000000e+00
38,1.638617e-01,2.267454e-08,0.000000e+00
39,1.637928e-01,2.202564e-08,0.000000e+00
40,1.640451e-01,2.144434e-08,0.000000e+00
41,1.640198e-01,2.091595e-08,0.000000e+00
42,1.639983e-01,2.043212e-08,0.000000e+00
43,1.640083e-01,1.998579e-08,0.000000e+00
44,1.640326e-01,1.957124e-08,0.000000e+00
45,1.637610e-01,1.918493e-08,0.000000e+00
46,1.638128e-01,1.882327e-08,0.000000e+00
47,1.638767e-01,1.848328e-08,0.000000e+00
48,1.639984e-01,1.816279e-08,0.000000e+00
49,1.637860e-01,1.785994e-08,0.000000e+00
50,1.639172e-01,1.757326e-08,0.000000e+00
51,1.637587e-01,1.730134e-08,0.000000e+00
52,1.639254e-01,1.704269e-08,0.000000e+00
53,1.638049e-01,1.679629e-08,0.000000e+00
54,1.640249e-01,1.656158e-08,0.000000e+00
55,1.639263e-01,1.633706e-08,0.000000e+00
56,1.638635e-01,1.612255e-08,0.000000e+00
57,1.638082e-01,1.591692e-08,0.000000e+00
58,1.637930e-01,1.571992e-08,0.000000e+00
59,1.637789e-01,1.553069e-08,0.000000e+00
60,1.638008e-01,1.534886e-08,0.000000e+00
61,1.638079e-01,1.517398e-08,0.000000e+00
62,1.638750e-01,1.500559e-08,0.000000e+00
63,1.639630e-01,1.484331e-08,0.000000e+00
64,1.637239e-01,1.468673e-08,0.000000e+00
65,1.638232e-01,1.453556e-08,0.000000e+00
66,1.639691e-01,1.438954e-08,0.000000e+00
67,1.637734e-01,1.424836e-08,0.000000e+00
68,1.639686e-01,1.411170e-08,0.000000e+00
69,1.638239e-01,1.397938e-08,0.000000e+00
70,1.637272e-01,1.385112e-08,0.000000e+00
71,1.639572e-01,1.372681e-08,0.000000e+00
72,1.638857e-01,1.360617e-08,0.000000e+00
73,1.638311e-01,1.348908e-08,0.000000e+00
74,1.638060e-01,1.337534e-08,0.000000e+00
75,1.637942e-01,1.326479e-08,0.000000e+00
76,1.638041e-01,1.315726e-08,0.000000e+00
77,1.638428e-01,1.305267e-08,0.000000e+00
78,1.639055e-01,1.295086e-08,0.000000e+00
79,1.639632e-01,1.285172e-08,0.000000e+00
80,1.637470e-01,1.275512e-08,0.000000e+00
81,1.638555e-01,1.266096e-08,0.000000e+00
82,1.639702e-01,1.256916e-08,0.000000e+00
83,1.638261e-01,1.247960e-08,0.000000e+00
84,1.639718e-01,1.239218e-08,0.000000e+00
85,1.638948e-01,1.230682e-08,0.000000e+00
86,1.637599e-01,1.222347e-08,0.000000e+00
87,1.636791e-01,1.214197e-08,0.000000e+00
88,1.639366e-01,1.206237e-08,0.000000e+00
89,1.638928e-01,1.198453e-08,0.000000e+00
90,1.638808e-01,1.190835e-08,0.000000e+00
91,1.638738e-01,1.183386e-08,0.000000e+00
92,1.638844e-01,1.176095e-08,0.000000e+00
93,1.639105e-01,1.168957e-08,0.000000e+00
94,1.636599e-01,1.161966e-08,0.000000e+00
95,1.637245e-01,1.155117e-08,0.000000e+00
96,1.638375e-01,1.148406e-08,0.000000e+00
97,1.636396e-01,1.141827e-08,0.000000e+00
98,1.637764e-01,1.135375e-08,0.000000e+00
99,1.639142e-01,1.129050e-08,0.000000e+00
100,1.637978e-01,1.122846e-08,0.000000e+00
101,1.636701e-01,1.116757e-08,0.000000e+00
102,1.638857e-01,1.110783e-08,0.000000e+00
103,1.638097e-01,1.104916e-08,0.000000e+00
104,1.659260e-01,1.099159e-08,0.000000e+00
105,1.684968e-01,1.093501e-08,6.684587e-14
106,1.712286e-01,1.087944e-08,6.684587e-14
107,1.705169e-01,1.082485e-08,1.336917e-13
108,1.734610e-01,1.077119e-08,2.005376e-13
109,1.761721e-01,1.071844e-08,2.005376e-13
110,1.786486e-01,1.066658e-08,2.673835e-13
111,1.814316e-01,1.061559e-08,3.342294e-13
112,1.842121e-01,1.056543e-08,3.342294e-13
113,1.869840e-01,1.051609e-08,4.010752e-13
114,1.896054e-01,1.046754e-08,4.679211e-13
115,1.924697e-01,1.041977e-08,5.347670e-13
116,1.953793e-01,1.037274e-08,6.016128e-13
117,1.982834e-01,1.032644e-08,6.016128e-13
118,2.012351e-01,1.028087e-08,6.684587e-13
119,2.042471e-01,1.023597e-08,7.353046e-13
120,2.072992e-01,1.019176e-08,8.021505e-13
121,2.104486e-01,1.014819e-08,8.689963e-13
122,2.136879e-01,1.010529e-08,9.358422e-13
123,2.170674e-01,1.006300e-08,1.002688e-12
124,2.206237e-01,1.002132e-08,1.069534e-12
125,2.243961e-01,9.980250e-09,1.136380e-12
126,2.285210e-01,9.939752e-09,1.203226e-12
127,2.330818e-01,9.899825e-09,1.270072e-12
128,2.383120e-01,9.860443e-09,1.403763e-12
129,2.444948e-01,9.821600e-09,1.470609e-12
130,2.521767e-01,9.783288e-09,1.537455e-12
131,2.619444e-01,9.745492e-09,1.604301e-12
132,2.747388e-01,9.708209e-09,1.737993e-12
133,2.926643e-01,9.671408e-09,1.804839e-12
134,3.178183e-01,9.635098e-09,1.938530e-12
135,3.547759e-01,9.599264e-09,2.072222e-12
136,4.092496e-01,9.563884e-09,2.139068e-12
137,4.935719e-01,9.528950e-09,2.272760e-12
138,5.660426e-01,9.494460e-09,2.406451e-12
139,5.600925e-01,9.460399e-09,2.540143e-12
140,5.519626e-01,9.426761e-09,2.673835e-12
141,5.382216e-01,9.393534e-09,2.807527e-12
142,5.173041e-01,9.360713e-09,3.008064e-12
143,4.919295e-01,9.328293e-09,3.208602e-12
144,4.688722e-01,9.296263e-09,3.342294e-12
145,4.491995e-01,9.264609e-09,3.542831e-12
146,4.325725e-01,9.233333e-09,3.676523e-12
147,4.185785e-01,9.202414e-09,3.810215e-12
148,4.060888e-01,9.171853e-09,3.943906e-12
149,3.949251e-01,9.141645e-09,4.144444e-12
150,3.847961e-01,9.111775e-09,4.278136e-12
151,3.754914e-01,9.082250e-09,4.411828e-12
152,3.668800e-01,9.053053e-09,4.545519e-12
153,3.588518e-01,9.024185e-09,4.679211e-12
154,3.513221e-01,8.995627e-09,4.746057e-12
155,3.442317e-01,8.967383e-09,4.879749e-12
156,3.375322e-01,8.939451e-09,5.013440e-12
157,3.311580e-01,8.911815e-09,5.147132e-12
158,3.251406e-01,8.884473e-09,5.280824e-12
159,3.194098e-01,8.857420e-09,5.414516e-12
160,3.139421e-01,8.830651e-09,5.481361e-12
161,3.087239e-01,8.804163e-09,5.615053e-12
162,3.037082e-01,8.777954e-09,5.748745e-12
163,2.989288e-01,8.752006e-09,5.815591e-12
164,2.943390e-01,8.726328e-09,5.949283e-12
165,2.899175e-01,8.700905e-09,6.082974e-12
166,2.856832e-01,8.675739e-09,6.149820e-12
167,2.816064e-01,8.650827e-09,6.283512e-12
168,2.776653e-01,8.626159e-09,6.417204e-12
169,2.738804e-01,8.601736e-09,6.484050e-12
170,2.702118e-01,8.577552e-09,6.617741e-12
171,2.666837e-01,8.553598e-09,6.684587e-12
172,2.632704e-01,8.529875e-09,6.818279e-12
173,2.599582e-01,8.506376e-09,6.951971e-12
174,2.567625e-01,8.483105e-09,7.018816e-12
175,2.536547e-01,8.460051e-09,7.152508e-12
176,2.506526e-01,8.437214e-09,7.219354e-12
177,2.477290e-01,8.414593e-09,7.353046e-12
178,2.449020e-01,8.392174e-09,7.419892e-12
179,2.421457e-01,8.369962e-09,7.553583e-12
180,2.394771e-01,8.347957e-09,7.620429e-12
181,2.368727e-01,8.326146e-09,7.754121e-12
182,2.343479e-01,8.304530e-09,7.820967e-12
183,2.318812e-01,8.283109e-09,7.954659e-12
184,2.294873e-01,8.261874e-09,8.021505e-12
185,2.271475e-01,8.240831e-09,8.155196e-12
186,2.248652e-01,8.219968e-09,8.222042e-12
187,2.226499e-01,8.199288e-09,8.288888e-12
188,2.204789e-01,8.178793e-09,8.422580e-12
189,2.183689e-01,8.158471e-09,8.489426e-12
190,2.163012e-01,8.138319e-09,8.623117e-12
191,2.142879e-01,8.118337e-09,8.689963e-12
192,2.123147e-01,8.098521e-09,8.756809e-12
193,2.103854e-01,8.078874e-09,8.890501e-12
194,2.085050e-01,8.059390e-09,8.957347e-12
195,2.066603e-01,8.040068e-09,9.091038e-12
196,2.048546e-01,8.020903e-09,9.157884e-12
197,2.030940e-01,8.001896e-09,9.224730e-12
198,2.013640e-01,7.983047e-09,9.358422e-12
199,1.996755e-01,7.964349e-09,9.425268e-12
200,1.980165e-01,7.945796e-09,9.492114e-12
201,1.963901e-01,7.927391e-09,9.625805e-12
202,1.948013e-01,7.909133e-09,9.692651e-12
203,1.932388e-01,7.891018e-09,9.759497e-12
204,1.917059e-01,7.873047e-09,9.893189e-12
205,1.902071e-01,7.855213e-09,9.960035e-12
206,1.887324e-01,7.837520e-09,1.002688e-11
207,1.872844e-01,7.819964e-09,1.016057e-11
208,1.858678e-01,7.802542e-09,1.022742e-11
209,1.844730e-01,7.785251e-09,1.029426e-11
210,1.831026e-01,7.768090e-09,1.042796e-11
211,1.817565e-01,7.751058e-09,1.049480e-11
212,1.804388e-01,7.734154e-09,1.056165e-11
213,1.791390e-01,7.717374e-09,1.069534e-11
214,1.778617e-01,7.700719e-09,1.076219e-11
215,1.766101e-01,7.684186e-09,1.082903e-11
216,1.753757e-01,7.667776e-09,1.089588e-11
217,1.741611e-01,7.651487e-09,1.102957e-11
218,1.729664e-01,7.635315e-09,1.109641e-11
219,1.717954e-01,7.619258e-09,1.116326e-11
220,1.706394e-01,7.603315e-09,1.129695e-11
221,1.695013e-01,7.587485e-09,1.136380e-11
222,1.683848e-01,7.571768e-09,1.143064e-11
223,1.672822e-01,7.556161e-09,1.149749e-11
224,1.661966e-01,7.540663e-09,1.163118e-11
225,1.651272e-01,7.525275e-09,1.169803e-11
226,1.640773e-01,7.509994e-09,1.176487e-11
227,1.630402e-01,7.494819e-09,1.183172e-11
228,1.620179e-01,7.479745e-09,1.196541e-11
229,1.610109e-01,7.464774e-09,1.203226e-11
230,1.600212e-01,7.449907e-09,1.209910e-11
231,1.590431e-01,7.435139e-09,1.216595e-11
232,1.580790e-01,7.420470e-09,1.229964e-11
233,1.571279e-01,7.405899e-09,1.236649e-11
234,1.561931e-01,7.391424e-09,1.243333e-11
235,1.552688e-01,7.377047e-09,1.250018e-11
236,1.543568e-01,7.362765e-09,1.256702e-11
237,1.534573e-01,7.348578e-09,1.270072e-11
238,1.525698e-01,7.334479e-09,1.276756e-11
239,1.516970e-01,7.320473e-09,1.283441e-11
240,1.508330e-01,7.306558e-09,1.290125e-11
241,1.499806e-01,7.292733e-09,1.303494e-11
242,1.491391e-01,7.278996e-09,1.310179e-11
243,1.483083e-01,7.265346e-09,1.316864e-11
244,1.474908e-01,7.251783e-09,1.323548e-11
245,1.466814e-01,7.238306e-09,1.330233e-11
246,1.458819e-01,7.224915e-09,1.343602e-11
247,1.450924e-01,7.211603e-09,1.350287e-11
248,1.443147e-01,7.198377e-09,1.356971e-11
249,1.435448e-01,7.185232e-09,1.363656e-11
250,1.427843e-01,7.172167e-09,1.370340e-11
251,1.420328e-01,7.159184e-09,1.383710e-11
252,1.412902e-01,7.146279e-09,1.390394e-11
253,1.405566e-01,7.133452e-09,1.397079e-11
254,1.398337e-01,7.120702e-09,1.403763e-11
255,1.391173e-01,7.108030e-09,1.410448e-11
256,1.384093e-01,7.095437e-09,1.423817e-11
257,1.377092e-01,7.082914e-09,1.430502e-11
258,1.370173e-01,7.070468e-09,1.437186e-11
259,1.363352e-01,7.058094e-09,1.443871e-11
260,1.356590e-01,7.045793e-09,1.450555e-11
261,1.349904e-01,7.033564e-09,1.457240e-11
262,1.343291e-01,7.021407e-09,1.470609e-11
263,1.336753e-01,7.009320e-09,1.477294e-11
264,1.330284e-01,6.997304e-09,1.483978e-11
265,1.323906e-01,6.985359e-09,1.490663e-11
266,1.317579e-01,6.973478e-09,1.497348e-11
267,1.311320e-01,6.961667e-09,1.504032e-11
268,1.305128e-01,6.949922e-09,1.517401e-11
269,1.299002e-01,6.938244e-09,1.524086e-11
270,1.292938e-01,6.926632e-09,1.530770e-11
271,1.286956e-01,6.915084e-09,1.537455e-11
272,1.281021e-01,6.903602e-09,1.544140e-11
273,1.275147e-01,6.892183e-09,1.550824e-11
274,1.269333e-01,6.880828e-09,1.564193e-11
275,1.263578e-01,6.869536e-09,1.570878e-11
276,1.257881e-01,6.858305e-09,1.577563e-11
277,1.252257e-01,6.847136e-09,1.584247e-11
278,1.246675e-01,6.836025e-09,1.590932e-11
279,1.241148e-01,6.824977e-09,1.597616e-11
280,1.235676e-01,6.813988e-09,1.610985e-11
281,1.230257e-01,6.803058e-09,1.617670e-11
282,1.224891e-01,6.792187e-09,1.624355e-11
283,1.219578e-01,6.781374e-09,1.631039e-11
284,1.214330e-01,6.770620e-09,1.637724e-11
285,1.209118e-01,6.759922e-09,1.644408e-11
286,1.203957e-01,6.749279e-09,1.651093e-11
287,1.198845e-01,6.738691e-09,1.664462e-11
288,1.193779e-01,6.728161e-09,1.671147e-11
289,1.188761e-01,6.717682e-09,1.677831e-11
290,1.183791e-01,6.707261e-09,1.684516e-11
291,1.178878e-01,6.696892e-09,1.691201e-11
292,1.174000e-01,6.686577e-09,1.697885e-11
293,1.169165e-01,6.676315e-09,1.704570e-11
294,1.164375e-01,6.666106e-09,1.711254e-11
295,1.159629e-01,6.655950e-09,1.724623e-11
296,1.154925e-01,6.645843e-09,1.731308e-11
297,1.150261e-01,6.635786e-09,1.737993e-11
298,1.145651e-01,6.625782e-09,1.744677e-11
299,1.141072e-01,6.615825e-09,1.751362e-11
300,1.136533e-01,6.605920e-09,1.758046e-11
301,1.132033e-01,6.596063e-09,1.764731e-11
302,1.127573e-01,6.586255e-09,1.778100e-11
303,1.123151e-01,6.576495e-09,1.784785e-11
304,1.118767e-01,6.566785e-09,1.791469e-11
305,1.114422e-01,6.557121e-09,1.798154e-11
306,1.110123e-01,6.547502e-09,1.804839e-11
307,1.105850e-01,6.537930e-09,1.811523e-11
308,1.101614e-01,6.528402e-09,1.818208e-11
309,1.097414e-01,6.518921e-09,1.824892e-11
310,1.093248e-01,6.509483e-09,1.838261e-11
311,1.089117e-01,6.500091e-09,1.844946e-11
312,1.085020e-01,6.490741e-09,1.851631e-11
313,1.080956e-01,6.481433e-09,1.858315e-11
314,1.076927e-01,6.472170e-09,1.865000e-11
315,1.072939e-01,6.462947e-09,1.871684e-11
316,1.068975e-01,6.453761e-09,1.878369e-11
317,1.065042e-01,6.444615e-09,1.885054e-11
318,1.061141e-01,6.435506e-09,1.891738e-11
319,1.057272e-01,6.426435e-09,1.905107e-11
320,1.053432e-01,6.417396e-09,1.911792e-11
321,1.049623e-01,6.408392e-09,1.918477e-11
322,1.045844e-01,6.399416e-09,1.925161e-11
323,1.042095e-01,6.390469e-09,1.931846e-11
324,1.038384e-01,6.381547e-09,1.938530e-11
325,1.034693e-01,6.372644e-09,1.945215e-11
326,1.031031e-01,6.363755e-09,1.951899e-11
327,1.027397e-01,6.354876e-09,1.958584e-11
328,1.023790e-01,6.345999e-09,1.971953e-11
329,1.020211e-01,6.337116e-09,1.978638e-11
330,1.016659e-01,6.328218e-09,1.985322e-11
331,1.013134e-01,6.319289e-09,1.992007e-11
332,1.009636e-01,6.310316e-09,1.998692e-11
333,1.006171e-01,6.301280e-09,2.005376e-11
334,1.002724e-01,6.292157e-09,2.012061e-11
335,9.993036e-02,6.282916e-09,2.018745e-11
336,9.959081e-02,6.273519e-09,2.025430e-11
337,9.925377e-02,6.263921e-09,2.032114e-11
338,9.891917e-02,6.254061e-09,2.045484e-11
339,9.858700e-02,6.243864e-09,2.052168e-11
340,9.825726e-02,6.233231e-09,2.058853e-11
341,9.792986e-02,6.222026e-09,2.065537e-11
342,9.760483e-02,6.210073e-09,2.072222e-11
343,9.728281e-02,6.197122e-09,2.078907e-11
344,9.696246e-02,6.182816e-09,2.085591e-11
345,9.664435e-02,6.166607e-09,2.092276e-11
346,9.632851e-02,6.147640e-09,2.098960e-11
347,9.601488e-02,6.124362e-09,2.105645e-11
348,9.570347e-02,6.093635e-09,2.112330e-11
349,9.539418e-02,6.047180e-09,2.125699e-11
350,9.508708e-02,5.942117e-09,2.132383e-11
351,9.478209e-02,1.657318e-07,2.139068e-11
352,9.447922e-02,5.882062e-09,2.145752e-11
353,9.417844e-02,5.736536e-09,2.152437e-11
354,9.388023e-02,5.721713e-09,2.159122e-11
355,9.358357e-02,1.142710e-08,2.165806e-11
356,9.328888e-02,2.285261e-08,2.172491e-11
357,9.299619e-02,3.999971e-08,2.179175e-11
358,9.270549e-02,5.716355e-08,2.185860e-11
359,9.241671e-02,7.434427e-08,2.192545e-11
360,9.212985e-02,9.153903e-08,2.205914e-11
361,9.184490e-02,1.030076e-07,2.212598e-11
362,9.156185e-02,1.202136e-07,2.219283e-11
363,9.128071e-02,1.316829e-07,2.225968e-11
364,9.100130e-02,5.733250e-09,2.232652e-11
365,9.072378e-02,1.146196e-08,2.239337e-11
366,9.044864e-02,5.728025e-09,2.246021e-11
367,9.017475e-02,1.144838e-08,2.252706e-11
368,8.990263e-02,5.719701e-09,2.259390e-11
369,8.963227e-02,5.716282e-09,2.266075e-11
370,8.936365e-02,5.712566e-09,2.272760e-11
371,8.909674e-02,1.141292e-08,2.279444e-11
372,8.883157e-02,5.699880e-09,2.292813e-11
373,8.856798e-02,5.695212e-09,2.299498e-11
374,8.830614e-02,5.690362e-09,2.306183e-11
375,8.804591e-02,5.685353e-09,2.312867e-11
376,8.778733e-02,5.680205e-09,2.319552e-11
377,8.753036e-02,5.674941e-09,2.326236e-11
378,8.727549e-02,5.669578e-09,2.332921e-11
379,8.702175e-02,5.664132e-09,2.339605e-11
380,8.676955e-02,5.658619e-09,2.346290e-11
381,8.651893e-02,5.653054e-09,2.352975e-11
382,8.626988e-02,5.647443e-09,2.359659e-11
383,8.602229e-02,5.641799e-09,2.366344e-11
384,8.577623e-02,5.636129e-09,2.373028e-11
385,8.553166e-02,5.630443e-09,2.386398e-11
386,8.528858e-02,5.624745e-09,2.393082e-11
387,8.504697e-02,5.619041e-09,2.399767e-11
388,8.480680e-02,5.613335e-09,2.406451e-11
389,8.456809e-02,5.607630e-09,2.413136e-11
390,8.433079e-02,5.601931e-09,2.419821e-11
391,8.409493e-02,5.596240e-09,2.426505e-11
392,8.386090e-02,5.590555e-09,2.433190e-11
393,8.362782e-02,5.584882e-09,2.439874e-11
394,8.339610e-02,5.579221e-09,2.446559e-11
395,8.316577e-02,5.573573e-09,2.453243e-11
396,8.293676e-02,5.567939e-09,2.459928e-11
397,8.270910e-02,5.562320e-09,2.466613e-11
398,8.248275e-02,5.556716e-09,2.473297e-11
399,8.225772e-02,5.551128e-09,2.486666e-11
400,8.203402e-02,5.545556e-09,2.493351e-11
401,8.181157e-02,5.540001e-09,2.500036e-11
402,8.159043e-02,5.534464e-09,2.506720e-11
403,8.137048e-02,5.528940e-09,2.513405e-11
404,8.115182e-02,5.523435e-09,2.520089e-11
405,8.093442e-02,5.517947e-09,2.526774e-11
406,8.071861e-02,5.512475e-09,2.533459e-11
407,8.050367e-02,5.507020e-09,2.540143e-11
408,8.028992e-02,5.501582e-09,2.546828e-11
409,8.007738e-02,5.496161e-09,2.553512e-11
410,7.986601e-02,5.490758e-09,2.560197e-11
411,7.965586e-02,5.485372e-09,2.566881e-11
412,7.944681e-02,5.480002e-09,2.573566e-11
413,7.923894e-02,5.474647e-09,2.580251e-11
414,7.903220e-02,5.469311e-09,2.593620e-11
415,7.882658e-02,5.463990e-09,2.600304e-11
416,7.862210e-02,5.458686e-09,2.606989e-11
417,7.841869e-02,5.453398e-09,2.613674e-11
418,7.821642e-02,5.448127e-09,2.620358e-11
419,7.801520e-02,5.442872e-09,2.627043e-11
420,7.781507e-02,5.437633e-09,2.633727e-11
421,7.761599e-02,5.432411e-09,2.640412e-11
422,7.741831e-02,5.427205e-09,2.647097e-11
423,7.722130e-02,5.422015e-09,2.653781e-11
424,7.702529e-02,5.416839e-09,2.660466e-11
425,7.683027e-02,5.411681e-09,2.667150e-11
426,7.663624e-02,5.406537e-09,2.673835e-11
427,7.644315e-02,5.401409e-09,2.680519e-11
428,7.625097e-02,5.396297e-09,2.687204e-11
429,7.605968e-02,5.391200e-09,2.693889e-11
430,7.586927e-02,5.386119e-09,2.707258e-11
431,7.567968e-02,5.381054e-09,2.713942e-11
432,7.549082e-02,5.376004e-09,2.720627e-11
433,7.530268e-02,5.370968e-09,2.727312e-11
434,7.511520e-02,5.365946e-09,2.733996e-11
435,7.492830e-02,5.360941e-09,2.740681e-11
436,7.474187e-02,5.355950e-09,2.747365e-11
437,7.455618e-02,5.350974e-09,2.754050e-11
438,7.437038e-02,5.346013e-09,2.760734e-11
439,7.418466e-02,5.341066e-09,2.767419e-11
440,7.399879e-02,5.336134e-09,2.774104e-11
441,7.381259e-02,5.331217e-09,2.780788e-11
442,7.362565e-02,5.326315e-09,2.794157e-11
443,7.343767e-02,5.321426e-09,2.800842e-11
444,7.324814e-02,5.316552e-09,2.807527e-11
445,7.305648e-02,5.311691e-09,2.814211e-11
446,7.286271e-02,5.306846e-09,2.820896e-11
447,7.266454e-02,5.302014e-09,2.827580e-11
448,7.246127e-02,5.297196e-09,2.840950e-11
449,7.225118e-02,5.292392e-09,2.847634e-11
450,7.203395e-02,5.287602e-09,2.854319e-11
451,7.180351e-02,5.282826e-09,2.867688e-11
452,7.155967e-02,5.278065e-09,2.881057e-11
453,7.129550e-02,5.273316e-09,2.887742e-11
454,7.100369e-02,5.268581e-09,2.907795e-11
455,7.068565e-02,5.263858e-09,2.921165e-11
456,7.038526e-02,5.259151e-09,2.947903e-11
457,7.160160e-02,5.254456e-09,3.008064e-11
458,7.812636e-02,5.249774e-09,3.068225e-11
459,7.824067e-02,5.245106e-09,3.068225e-11
460,7.823970e-02,5.240451e-09,3.068225e-11
461,7.823797e-02,5.235809e-09,3.068225e-11
462,7.823935e-02,5.231181e-09,3.068225e-11
463,7.823887e-02,5.226566e-09,3.068225e-11
464,7.823887e-02,5.221962e-09,3.068225e-11
465,7.824084e-02,5.217373e-09,3.068225e-11
466,7.824123e-02,5.212795e-09,3.068225e-11
467,7.823831e-02,5.208231e-09,3.068225e-11
468,7.824000e-02,5.203679e-09,3.068225e-11
469,7.823961e-02,5.199140e-09,3.068225e-11
470,7.823831e-02,5.194613e-09,3.068225e-11
471,7.824000e-02,5.190099e-09,3.068225e-11
472,7.824123e-02,5.185599e-09,3.068225e-11
473,7.824081e-02,5.181110e-09,3.068225e-11
474,7.824081e-02,5.176633e-09,3.068225e-11
475,7.823794e-02,5.172169e-09,3.068225e-11
476,7.823910e-02,5.167715e-09,3.068225e-11
477,7.824084e-02,5.163275e-09,3.068225e-11
478,7.824044e-02,5.158847e-09,3.068225e-11
479,7.823887e-02,5.154431e-09,3.068225e-11
480,7.824118e-02,5.150027e-09,3.068225e-11
481,7.823887e-02,5.145635e-09,3.068225e-11
482,7.824130e-02,5.141255e-09,3.068225e-11
483,7.823888e-02,5.136888e-09,3.068225e-11
484,7.823908e-02,5.132531e-09,3.068225e-11
485,7.823896e-02,5.128185e-09,3.068225e-11
486,6.394936e-02,5.123853e-09,3.135071e-11
487,5.850657e-02,5.119530e-09,3.221971e-11
488,5.904962e-02,5.115220e-09,3.235340e-11
489,5.938589e-02,5.110921e-09,3.242025e-11
490,5.958769e-02,5.106634e-09,3.248709e-11
491,5.972688e-02,5.102358e-09,3.248709e-11
492,5.984867e-02,5.098094e-09,3.248709e-11
493,5.996856e-02,5.093842e-09,3.255394e-11
494,6.004386e-02,5.089600e-09,3.255394e-11
495,6.014144e-02,5.085368e-09,3.262079e-11
496,6.022459e-02,5.081149e-09,3.262079e-11
497,6.029192e-02,5.076940e-09,3.262079e-11
498,6.036618e-02,5.072742e-09,3.268763e-11
499,6.045160e-02,5.068555e-09,3.268763e-11
500,6.050204e-02,5.064380e-09,3.268763e-11
501,6.058078e-02,5.060215e-09,3.275448e-11
502,6.066129e-02,5.056061e-09,3.275448e-11
503,6.071128e-02,5.051918e-09,3.275448e-11
504,6.078856e-02,5.047787e-09,3.282132e-11
505,6.084268e-02,5.043664e-09,3.282132e-11
506,6.091656e-02,5.039553e-09,3.282132e-11
507,6.099444e-02,5.035453e-09,3.288817e-11
508,6.104164e-02,5.031362e-09,3.288817e-11
509,6.111556e-02,5.027282e-09,3.295501e-11
510,6.115901e-02,5.023213e-09,3.295501e-11
511,6.122736e-02,5.019154e-09,3.302186e-11
512,6.126287e-02,5.015106e-09,3.302186e-11
513,6.129835e-02,5.011069e-09,3.308871e-11
514,6.134702e-02,5.007042e-09,3.315555e-11
515,6.136757e-02,5.003024e-09,3.315555e-11
516,6.138340e-02,4.999016e-09,3.322240e-11
517,6.140803e-02,4.995019e-09,3.328924e-11
518,6.140410e-02,4.991031e-09,3.335609e-11
519,6.139267e-02,4.987054e-09,3.335609e-11
520,6.137293e-02,4.983087e-09,3.342294e-11
521,6.134440e-02,4.979130e-09,3.348978e-11
522,6.131784e-02,4.975182e-09,3.355663e-11
523,6.126914e-02,4.971245e-09,3.362347e-11
524,6.121260e-02,4.967319e-09,3.369032e-11
525,6.114860e-02,4.963401e-09,3.375716e-11
526,6.107767e-02,4.959492e-09,3.382401e-11
527,6.100039e-02,4.955594e-09,3.389086e-11
528,6.091745e-02,4.951705e-09,3.395770e-11
529,6.082949e-02,4.947826e-09,3.395770e-11
530,6.073716e-02,4.943956e-09,3.402455e-11
531,6.064107e-02,4.940096e-09,3.409139e-11
532,6.054183e-02,4.936246e-09,3.415824e-11
533,6.043986e-02,4.932405e-09,3.422509e-11
534,6.033569e-02,4.928574e-09,3.429193e-11
535,6.022972e-02,4.924752e-09,3.442562e-11
536,6.012231e-02,4.920939e-09,3.449247e-11
537,6.001374e-02,4.917135e-09,3.455932e-11
538,5.990430e-02,4.913341e-09,3.462616e-11
539,5.979419e-02,4.909555e-09,3.469301e-11
540,5.968361e-02,4.905779e-09,3.475985e-11
541,5.957272e-02,4.902012e-09,3.482670e-11
542,5.946168e-02,4.898254e-09,3.489354e-11
543,5.935050e-02,4.894505e-09,3.496039e-11
544,5.923937e-02,4.890766e-09,3.502724e-11
545,5.912832e-02,4.887036e-09,3.509408e-11
546,5.901742e-02,4.883314e-09,3.516093e-11
547,5.890673e-02,4.879601e-09,3.522777e-11
548,5.879627e-02,4.875897e-09,3.529462e-11
549,5.868609e-02,4.872202e-09,3.536147e-11
550,5.857621e-02,4.868515e-09,3.542831e-11
551,5.846672e-02,4.864838e-09,3.549516e-11
552,5.835754e-02,4.861169e-09,3.556200e-11
553,5.824869e-02,4.857508e-09,3.562885e-11
554,5.814018e-02,4.853858e-09,3.569570e-11
555,5.803207e-02,4.850215e-09,3.576254e-11
556,5.792432e-02,4.846581e-09,3.582939e-11
557,5.781696e-02,4.842955e-09,3.589623e-11
558,5.770998e-02,4.839337e-09,3.596308e-11
559,5.760339e-02,4.835729e-09,3.602992e-11
560,5.749718e-02,4.832128e-09,3.609677e-11
561,5.739138e-02,4.828536e-09,3.616362e-11
562,5.728598e-02,4.824953e-09,3.623046e-11
563,5.718094e-02,4.821378e-09,3.629731e-11
564,5.707629e-02,4.817811e-09,3.636415e-11
565,5.697203e-02,4.814253e-09,3.643100e-11
566,5.686816e-02,4.810703e-09,3.656469e-11
567,5.676468e-02,4.807161e-09,3.663154e-11
568,5.666158e-02,4.803627e-09,3.669838e-11
569,5.655887e-02,4.800101e-09,3.676523e-11
570,5.645653e-02,4.796583e-09,3.683208e-11
571,5.635457e-02,4.793073e-09,3.689892e-11
572,5.625301e-02,4.789572e-09,3.696577e-11
573,5.615183e-02,4.786078e-09,3.703261e-11
574,5.605099e-02,4.782593e-09,3.709946e-11
575,5.595052e-02,4.779117e-09,3.716630e-11
576,5.585044e-02,4.775647e-09,3.723315e-11
577,5.575072e-02,4.772185e-09,3.730000e-11
578,5.565136e-02,4.768731e-09,3.736684e-11
579,5.555237e-02,4.765285e-09,3.743369e-11
580,5.545375e-02,4.761847e-09,3.750053e-11
581,5.535560e-02,4.758416e-09,3.756738e-11
582,5.525772e-02,4.754993e-09,3.763423e-11
583,5.516016e-02,4.751578e-09,3.770107e-11
584,5.506297e-02,4.748171e-09,3.776792e-11
585,5.496611e-02,4.744772e-09,3.783476e-11
586,5.486962e-02,4.741380e-09,3.790161e-11
587,5.477347e-02,4.737996e-09,3.796845e-11
588,5.467767e-02,4.734619e-09,3.803530e-11
589,5.458221e-02,4.731249e-09,3.810215e-11
590,5.448710e-02,4.727887e-09,3.816899e-11
591,5.439233e-02,4.724533e-09,3.823584e-11
592,5.429789e-02,4.721185e-09,3.830268e-11
593,5.420382e-02,4.717846e-09,3.836953e-11
594,5.411005e-02,4.714514e-09,3.843638e-11
595,5.401662e-02,4.711190e-09,3.850322e-11
596,5.392351e-02,4.707873e-09,3.857007e-11
597,5.383074e-02,4.704562e-09,3.870376e-11
598,5.373830e-02,4.701260e-09,3.877061e-11
599,5.364618e-02,4.697964e-09,3.883745e-11
600,5.355439e-02,4.694675e-09,3.890430e-11
601,5.346292e-02,4.691394e-09,3.897114e-11
602,5.337178e-02,4.688120e-09,3.903799e-11
603,5.328098e-02,4.684853e-09,3.910483e-11
604,5.319045e-02,4.681593e-09,3.917168e-11
605,5.310026e-02,4.678341e-09,3.923853e-11
606,5.301036e-02,4.675096e-09,3.930537e-11
607,5.292079e-02,4.671858e-09,3.937222e-11
608,5.283153e-02,4.668626e-09,3.943906e-11
609,5.274258e-02,4.665401e-09,3.950591e-11
610,5.265393e-02,4.662184e-09,3.957276e-11
611,5.256560e-02,4.658973e-09,3.963960e-11
612,5.247756e-02,4.655769e-09,3.970645e-11
613,5.238984e-02,4.652572e-09,3.977329e-11
614,5.230252e-02,4.649382e-09,3.984014e-11
615,5.221538e-02,4.646199e-09,3.990699e-11
616,5.212856e-02,4.643023e-09,3.997383e-11
617,5.204201e-02,4.639854e-09,4.004068e-11
618,5.195577e-02,4.636691e-09,4.010752e-11
619,5.186982e-02,4.633534e-09,4.017437e-11
620,5.178416e-02,4.630385e-09,4.024121e-11
621,5.169880e-02,4.627242e-09,4.030806e-11
622,5.161372e-02,4.624106e-09,4.037491e-11
623,5.152895e-02,4.620976e-09,4.044175e-11
624,5.144443e-02,4.617854e-09,4.050860e-11
625,5.136020e-02,4.614737e-09,4.057544e-11
626,5.127627e-02,4.611628e-09,4.064229e-11
627,5.119260e-02,4.608525e-09,4.070914e-11
628,5.110922e-02,4.605429e-09,4.077598e-11
629,5.102612e-02,4.602338e-09,4.084283e-11
630,5.094329e-02,4.599255e-09,4.090967e-11
631,5.086074e-02,4.596177e-09,4.097652e-11
632,5.077847e-02,4.593106e-09,4.111021e-11
633,5.069647e-02,4.590042e-09,4.117706e-11
634,5.061476e-02,4.586983e-09,4.124390e-11
635,5.053329e-02,4.583932e-09,4.131075e-11
636,5.045208e-02,4.580887e-09,4.137759e-11
637,5.037116e-02,4.577849e-09,4.144444e-11
638,5.029049e-02,4.574816e-09,4.151129e-11
639,5.021010e-02,4.571789e-09,4.157813e-11
640,5.012996e-02,4.568769e-09,4.164498e-11
641,5.005009e-02,4.565754e-09,4.171182e-11
642,4.997048e-02,4.562746e-09,4.177867e-11
643,4.989114e-02,4.559745e-09,4.184552e-11
644,4.981206e-02,4.556749e-09,4.191236e-11
645,4.973321e-02,4.553759e-09,4.197921e-11
646,4.965462e-02,4.550776e-09,4.204605e-11
647,4.957630e-02,4.547800e-09,4.211290e-11
648,4.949821e-02,4.544829e-09,4.217974e-11
649,4.942039e-02,4.541863e-09,4.224659e-11
650,4.934282e-02,4.538904e-09,4.231344e-11
651,4.926558e-02,4.535951e-09,4.238028e-11
652,4.918850e-02,4.533004e-09,4.244713e-11
653,4.911167e-02,4.530063e-09,4.251397e-11
654,4.903511e-02,4.527128e-09,4.258082e-11
655,4.895877e-02,4.524198e-09,4.264767e-11
656,4.888266e-02,4.521275e-09,4.271451e-11
657,4.880681e-02,4.518358e-09,4.278136e-11
658,4.873120e-02,4.515447e-09,4.284820e-11
659,4.865582e-02,4.512540e-09,4.291505e-11
660,4.858068e-02,4.509640e-09,4.298190e-11
661,4.850578e-02,4.506746e-09,4.304874e-11
662,4.843112e-02,4.503858e-09,4.311559e-11
663,4.835669e-02,4.500975e-09,4.318243e-11
664,4.828251e-02,4.498098e-09,4.324928e-11
665,4.820855e-02,4.495226e-09,4.331612e-11
666,4.813481e-02,4.492361e-09,4.338297e-11
667,4.806131e-02,4.489501e-09,4.344982e-11
668,4.798804e-02,4.486648e-09,4.351666e-11
669,4.791499e-02,4.483799e-09,4.358351e-11
670,4.784218e-02,4.480956e-09,4.365035e-11
671,4.776959e-02,4.478119e-09,4.378405e-11
672,4.769722e-02,4.475287e-09,4.385089e-11
673,4.762508e-02,4.472461e-09,4.391774e-11
674,4.755317e-02,4.469640e-09,4.398458e-11
675,4.748149e-02,4.466825e-09,4.405143e-11
676,4.741000e-02,4.464015e-09,4.411828e-11
677,4.733874e-02,4.461212e-09,4.418512e-11
678,4.726770e-02,4.458413e-09,4.425197e-11
679,4.719689e-02,4.455620e-09,4.431881e-11
680,4.712628e-02,4.452832e-09,4.438566e-11
681,4.705589e-02,4.450050e-09,4.445250e-11
682,4.698572e-02,4.447273e-09,4.451935e-11
683,4.691576e-02,4.444501e-09,4.458620e-11
684,4.684602e-02,4.441735e-09,4.465304e-11
685,4.677650e-02,4.438974e-09,4.471989e-11
686,4.670716e-02,4.436219e-09,4.478673e-11
687,4.663805e-02,4.433468e-09,4.485358e-11
688,4.656914e-02,4.430724e-09,4.492043e-11
689,4.650044e-02,4.427985e-09,4.498727e-11
690,4.643194e-02,4.425250e-09,4.505412e-11
691,4.636366e-02,4.422521e-09,4.512096e-11
692,4.629558e-02,4.419797e-09,4.518781e-11
693,4.622778e-02,4.417079e-09,4.525465e-11
694,4.616010e-02,4.414365e-09,4.532150e-11
695,4.609265e-02,4.411656e-09,4.538835e-11
696,4.602538e-02,4.408954e-09,4.545519e-11
697,4.595830e-02,4.406255e-09,4.552204e-11
698,4.589143e-02,4.403562e-09,4.558888e-11
699,4.582476e-02,4.400875e-09,4.565573e-11
700,4.575829e-02,4.398193e-09,4.572258e-11
701,4.569200e-02,4.395515e-09,4.578942e-11
702,4.562592e-02,4.392842e-09,4.585627e-11
703,4.556003e-02,4.390175e-09,4.592311e-11
704,4.549434e-02,4.387512e-09,4.598996e-11
705,4.542886e-02,4.384854e-09,4.605681e-11
706,4.536355e-02,4.382202e-09,4.612365e-11
707,4.529843e-02,4.379554e-09,4.619050e-11
708,4.523350e-02,4.376911e-09,4.625734e-11
709,4.516876e-02,4.374275e-09,4.632419e-11
710,4.510422e-02,4.371642e-09,4.639103e-11
711,4.503985e-02,4.369014e-09,4.645788e-11
712,4.497568e-02,4.366391e-09,4.652473e-11
713,4.491169e-02,4.363773e-09,4.659157e-11
714,4.484789e-02,4.361160e-09,4.665842e-11
715,4.478428e-02,4.358551e-09,4.672526e-11
716,4.472086e-02,4.355948e-09,4.685896e-11
717,4.465761e-02,4.353349e-09,4.692580e-11
718,4.459454e-02,4.350755e-09,4.699265e-11
719,4.453165e-02,4.348166e-09,4.705949e-11
720,4.446894e-02,4.345582e-09,4.712634e-11
721,4.440642e-02,4.343003e-09,4.719319e-11
722,4.434407e-02,4.340428e-09,4.726003e-11
723,4.428191e-02,4.337858e-09,4.732688e-11
724,4.421992e-02,4.335293e-09,4.739372e-11
725,4.415811e-02,4.332732e-09,4.746057e-11
726,4.409649e-02,4.330176e-09,4.752741e-11
727,4.403501e-02,4.327624e-09,4.759426e-11
728,4.397372e-02,4.325078e-09,4.766111e-11
729,4.391261e-02,4.322535e-09,4.772795e-11
730,4.385166e-02,4.319999e-09,4.779480e-11
731,4.379090e-02,4.317466e-09,4.786164e-11
732,4.373030e-02,4.314938e-09,4.792849e-11
733,4.366987e-02,4.312414e-09,4.799534e-11
734,4.360961e-02,4.309895e-09,4.806218e-11
735,4.354952e-02,4.307381e-09,4.812903e-11
736,4.348961e-02,4.304871e-09,4.819587e-11
737,4.342988e-02,4.302365e-09,4.826272e-11
738,4.337028e-02,4.299864e-09,4.832956e-11
739,4.331086e-02,4.297367e-09,4.839641e-11
740,4.325161e-02,4.294876e-09,4.846326e-11
741,4.319258e-02,4.292389e-09,4.853010e-11
742,4.313366e-02,4.289906e-09,4.859695e-11
743,4.307489e-02,4.287427e-09,4.866379e-11
744,4.301630e-02,4.284953e-09,4.873064e-11
745,4.295787e-02,4.282483e-09,4.879749e-11
746,4.289961e-02,4.280018e-09,4.886433e-11
747,4.284149e-02,4.277557e-09,4.893118e-11
748,4.278354e-02,4.275100e-09,4.899802e-11
749,4.272575e-02,4.272648e-09,4.906487e-11
750,4.266811e-02,4.270200e-09,4.913172e-11
751,4.261064e-02,4.267758e-09,4.919856e-11
752,4.255332e-02,4.265318e-09,4.926541e-11
753,4.249616e-02,4.262883e-09,4.933225e-11
754,4.243915e-02,4.260453e-09,4.939910e-11
755,4.238230e-02,4.258026e-09,4.946594e-11
756,4.232561e-02,4.255604e-09,4.953279e-11
757,4.226908e-02,4.253186e-09,4.959964e-11
758,4.221269e-02,4.250773e-09,4.966648e-11
759,4.215646e-02,4.248364e-09,4.973333e-11
760,4.210038e-02,4.245958e-09,4.980017e-11
761,4.204445e-02,4.243558e-09,4.986702e-11
762,4.198866e-02,4.241162e-09,4.993387e-11
763,4.193304e-02,4.238769e-09,5.000071e-11
764,4.187755e-02,4.236381e-09,5.006756e-11
765,4.182223e-02,4.233997e-09,5.013440e-11
766,4.176705e-02,4.231616e-09,5.020125e-11
767,4.171203e-02,4.229241e-09,5.033494e-11
768,4.165714e-02,4.226869e-09,5.040179e-11
769,4.160240e-02,4.224501e-09,5.046863e-11
770,4.154781e-02,4.222138e-09,5.053548e-11
771,4.149336e-02,4.219778e-09,5.060232e-11
772,4.143906e-02,4.217423e-09,5.066917e-11
773,4.138490e-02,4.215072e-09,5.073602e-11
774,4.133088e-02,4.212725e-09,5.080286e-11
775,4.127702e-02,4.210381e-09,5.086971e-11
776,4.122329e-02,4.208042e-09,5.093655e-11
777,4.116971e-02,4.205707e-09,5.100340e-11
778,4.111628e-02,4.203375e-09,5.107025e-11
779,4.106297e-02,4.201048e-09,5.113709e-11
780,4.100980e-02,4.198725e-09,5.120394e-11
781,4.095678e-02,8.390496e-09,5.127078e-11
782,4.090389e-02,4.191780e-09,5.133763e-11
783,4.085115e-02,4.189472e-09,5.140447e-11
784,4.079854e-02,4.187168e-09,5.147132e-11
785,4.074607e-02,4.184869e-09,5.153817e-11
786,4.069374e-02,4.182573e-09,5.160501e-11
787,4.064155e-02,4.180281e-09,5.167186e-11
788,4.058951e-02,4.177993e-09,5.173870e-11
789,4.053757e-02,4.175708e-09,5.180555e-11
790,4.048578e-02,4.173429e-09,5.187240e-11
791,4.043412e-02,4.171152e-09,5.193924e-11
792,4.038260e-02,4.168880e-09,5.200609e-11
793,4.033121e-02,4.166611e-09,5.207293e-11
794,4.027996e-02,4.164346e-09,5.213978e-11
795,4.022888e-02,4.162085e-09,5.220663e-11
796,4.017789e-02,4.159828e-09,5.227347e-11
797,4.012703e-02,4.157574e-09,5.234032e-11
798,4.007632e-02,4.155324e-09,5.240716e-11
799,4.002572e-02,4.153078e-09,5.247401e-11
800,3.997524e-02,4.150835e-09,5.254085e-11
801,3.992490e-02,4.148597e-09,5.260770e-11
802,3.987469e-02,4.146362e-09,5.267455e-11
803,3.982461e-02,4.144132e-09,5.274139e-11
804,3.977465e-02,4.141904e-09,5.280824e-11
805,3.972483e-02,4.139680e-09,5.287508e-11
806,3.967512e-02,4.137460e-09,5.294193e-11
807,3.962555e-02,4.135243e-09,5.300878e-11
808,3.957611e-02,4.133030e-09,5.307562e-11
809,3.952679e-02,4.130821e-09,5.314247e-11
810,3.947758e-02,4.128616e-09,5.320931e-11
811,3.942851e-02,4.126414e-09,5.327616e-11
812,3.937956e-02,4.124216e-09,5.334301e-11
813,3.933073e-02,4.122022e-09,5.340985e-11
814,3.928202e-02,4.119830e-09,5.347670e-11
815,3.923344e-02,4.117643e-09,5.354354e-11
816,3.918498e-02,4.115459e-09,5.361039e-11
817,3.913664e-02,4.113279e-09,5.367723e-11
818,3.908842e-02,4.111102e-09,5.374408e-11
819,3.904034e-02,4.108929e-09,5.381093e-11
820,3.899235e-02,4.106759e-09,5.387777e-11
821,3.894449e-02,4.104593e-09,5.394462e-11
822,3.889675e-02,4.102430e-09,5.401146e-11
823,3.884913e-02,4.100272e-09,5.407831e-11
824,3.880163e-02,4.098116e-09,5.414516e-11
825,3.875424e-02,4.095964e-09,5.421200e-11
826,3.870698e-02,4.093815e-09,5.434569e-11
827,3.865983e-02,4.091670e-09,5.441254e-11
828,3.861280e-02,4.089528e-09,5.447939e-11
829,3.856589e-02,4.087390e-09,5.454623e-11
830,3.851908e-02,4.085255e-09,5.461308e-11
831,3.847239e-02,4.083123e-09,5.467992e-11
832,3.842582e-02,4.080996e-09,5.474677e-11
833,3.837936e-02,4.078872e-09,5.481361e-11
834,3.833302e-02,4.076751e-09,5.488046e-11
835,3.828679e-02,4.074633e-09,5.494731e-11
836,3.824067e-02,4.072518e-09,5.501415e-11
837,3.819467e-02,4.070407e-09,5.508100e-11
838,3.814877e-02,4.068299e-09,5.514784e-11
839,3.810299e-02,4.066195e-09,5.521469e-11
840,3.805734e-02,4.064094e-09,5.528154e-11
841,3.801177e-02,4.061997e-09,5.534838e-11
842,3.796632e-02,4.059903e-09,5.541523e-11
843,3.792098e-02,4.057812e-09,5.548207e-11
844,3.787576e-02,4.055725e-09,5.554892e-11
845,3.783064e-02,4.053640e-09,5.561576e-11
846,3.778562e-02,4.051559e-09,5.568261e-11
847,3.774073e-02,0.000000e+00,5.574946e-11
848,3.769593e-02,0.000000e+00,5.581630e-11
849,3.765125e-02,0.000000e+00,5.588315e-11
850,3.760667e-02,0.000000e+00,5.594999e-11
851,3.756221e-02,0.000000e+00,5.601684e-11
852,3.751784e-02,0.000000e+00,5.608369e-11
853,3.747358e-02,0.000000e+00,5.615053e-11
854,3.742943e-02,0.000000e+00,5.621738e-11
855,3.738538e-02,0.000000e+00,5.628422e-11
856,3.734144e-02,0.000000e+00,5.635107e-11
857,3.729760e-02,0.000000e+00,5.641792e-11
858,3.725390e-02,0.000000e+00,5.648476e-11
859,3.721027e-02,0.000000e+00,5.655161e-11
860,3.716676e-02,0.000000e+00,5.661845e-11
861,3.712334e-02,0.000000e+00,5.668530e-11
862,3.708001e-02,0.000000e+00,5.675214e-11
863,3.703680e-02,0.000000e+00,5.681899e-11
864,3.699368e-02,0.000000e+00,5.688584e-11
865,3.695067e-02,0.000000e+00,5.695268e-11
866,3.690775e-02,0.000000e+00,5.701953e-11
867,3.686494e-02,0.000000e+00,5.708637e-11
868,3.682223e-02,0.000000e+00,5.715322e-11
869,3.677962e-02,0.000000e+00,5.722007e-11
870,3.673711e-02,0.000000e+00,5.728691e-11
871,3.669471e-02,0.000000e+00,5.735376e-11
872,3.665240e-02,0.000000e+00,5.742060e-11
873,3.661018e-02,0.000000e+00,5.748745e-11
874,3.656806e-02,0.000000e+00,5.755430e-11
875,3.652605e-02,0.000000e+00,5.762114e-11
876,3.648413e-02,0.000000e+00,5.768799e-11
877,3.644231e-02,0.000000e+00,5.775483e-11
878,3.640058e-02,0.000000e+00,5.782168e-11
879,3.635895e-02,0.000000e+00,5.788852e-11
880,3.631742e-02,0.000000e+00,5.795537e-11
881,3.627600e-02,0.000000e+00,5.802222e-11
882,3.623466e-02,0.000000e+00,5.808906e-11
883,3.619341e-02,0.000000e+00,5.815591e-11
884,3.615226e-02,0.000000e+00,5.822275e-11
885,3.611121e-02,0.000000e+00,5.828960e-11
886,3.607025e-02,0.000000e+00,5.835645e-11
887,3.602938e-02,0.000000e+00,5.842329e-11
888,3.598861e-02,0.000000e+00,5.849014e-11
889,3.594793e-02,0.000000e+00,5.855698e-11
890,3.590734e-02,0.000000e+00,5.862383e-11
891,3.586685e-02,0.000000e+00,5.869067e-11
892,3.582646e-02,0.000000e+00,5.875752e-11
893,3.578615e-02,0.000000e+00,5.882437e-11
894,3.574593e-02,0.000000e+00,5.895806e-11
895,3.570580e-02,0.000000e+00,5.902490e-11
896,3.566577e-02,0.000000e+00,5.909175e-11
897,3.562582e-02,0.000000e+00,5.915860e-11
898,3.558597e-02,0.000000e+00,5.922544e-11
899,3.554621e-02,0.000000e+00,5.929229e-11
900,3.550654e-02,0.000000e+00,5.935913e-11
901,3.546695e-02,0.000000e+00,5.942598e-11
902,3.542747e-02,0.000000e+00,5.949283e-11
903,3.538806e-02,0.000000e+00,5.955967e-11
904,3.534874e-02,0.000000e+00,5.962652e-11
905,3.530952e-02,0.000000e+00,5.969336e-11
906,3.527038e-02,0.000000e+00,5.976021e-11
907,3.523132e-02,0.000000e+00,5.982705e-11
908,3.519236e-02,0.000000e+00,5.989390e-11
909,3.515348e-02,0.000000e+00,5.996075e-11
910,3.511469e-02,0.000000e+00,6.002759e-11
911,3.507599e-02,0.000000e+00,6.009444e-11
912,3.503737e-02,0.000000e+00,6.016128e-11
913,3.499885e-02,0.000000e+00,6.022813e-11
914,3.496040e-02,0.000000e+00,6.029498e-11
915,3.492204e-02,0.000000e+00,6.036182e-11
916,3.488376e-02,0.000000e+00,6.042867e-11
917,3.484557e-02,0.000000e+00,6.049551e-11
918,3.480747e-02,0.000000e+00,6.056236e-11
919,3.476945e-02,0.000000e+00,6.062921e-11
920,3.473151e-02,0.000000e+00,6.069605e-11
921,3.469366e-02,0.000000e+00,6.076290e-11
922,3.465589e-02,0.000000e+00,6.082974e-11
923,3.461821e-02,0.000000e+00,6.089659e-11
924,3.458060e-02,0.000000e+00,6.096343e-11
925,3.454308e-02,0.000000e+00,6.103028e-11
926,3.450564e-02,0.000000e+00,6.109713e-11
927,3.446828e-02,0.000000e+00,6.116397e-11
928,3.443100e-02,0.000000e+00,6.123082e-11
929,3.439381e-02,0.000000e+00,6.129766e-11
930,3.435669e-02,0.000000e+00,6.136451e-11
931,3.431967e-02,0.000000e+00,6.143136e-11
932,3.428274e-02,0.000000e+00,6.149820e-11
933,3.424588e-02,0.000000e+00,6.156505e-11
934,3.420909e-02,0.000000e+00,6.163189e-11
935,3.417238e-02,0.000000e+00,6.169874e-11
936,3.413575e-02,0.000000e+00,6.176559e-11
937,3.409920e-02,0.000000e+00,6.183243e-11
938,3.406272e-02,0.000000e+00,6.189928e-11
939,3.402633e-02,0.000000e+00,6.196612e-11
940,3.399001e-02,0.000000e+00,6.203297e-11
941,3.395378e-02,0.000000e+00,6.209981e-11
942,3.391762e-02,0.000000e+00,6.216666e-11
943,3.388155e-02,0.000000e+00,6.223351e-11
944,3.384555e-02,0.000000e+00,6.230035e-11
945,3.380962e-02,0.000000e+00,6.236720e-11
946,3.377377e-02,0.000000e+00,6.243404e-11
947,3.373800e-02,0.000000e+00,6.250089e-11
948,3.370230e-02,0.000000e+00,6.256774e-11
949,3.366668e-02,0.000000e+00,6.263458e-11
950,3.363114e-02,0.000000e+00,6.270143e-11
951,3.359567e-02,0.000000e+00,6.276827e-11
952,3.356028e-02,0.000000e+00,6.283512e-11
953,3.352497e-02,0.000000e+00,6.290196e-11
954,3.348974e-02,0.000000e+00,6.296881e-11
955,3.345457e-02,0.000000e+00,6.303566e-11
956,3.341947e-02,0.000000e+00,6.310250e-11
957,3.338446e-02,0.000000e+00,6.316935e-11
958,3.334951e-02,0.000000e+00,6.323619e-11
959,3.331465e-02,0.000000e+00,6.330304e-11
960,3.327985e-02,0.000000e+00,6.336989e-11
961,3.324513e-02,0.000000e+00,6.343673e-11
962,3.321048e-02,0.000000e+00,6.350358e-11
963,3.317591e-02,0.000000e+00,6.357042e-11
964,3.314141e-02,0.000000e+00,6.363727e-11
965,3.310698e-02,0.000000e+00,6.370412e-11
966,3.307262e-02,0.000000e+00,6.377096e-11
967,3.303833e-02,0.000000e+00,6.383781e-11
968,3.300412e-02,0.000000e+00,6.390465e-11
969,3.296998e-02,0.000000e+00,6.397150e-11
970,3.293590e-02,0.000000e+00,6.403834e-11
971,3.290190e-02,0.000000e+00,6.410519e-11
972,3.286797e-02,0.000000e+00,6.417204e-11
973,3.283412e-02,0.000000e+00,6.423888e-11
974,3.280033e-02,0.000000e+00,6.437257e-11
975,3.276662e-02,0.000000e+00,6.443942e-11
976,3.273297e-02,0.000000e+00,6.450627e-11
977,3.269939e-02,0.000000e+00,6.457311e-11
978,3.266588e-02,0.000000e+00,6.463996e-11
979,3.263244e-02,0.000000e+00,6.470680e-11
980,3.259907e-02,0.000000e+00,6.477365e-11
981,3.256577e-02,0.000000e+00,6.484050e-11
982,3.253254e-02,0.000000e+00,6.490734e-11
983,3.249937e-02,0.000000e+00,6.497419e-11
984,3.246628e-02,0.000000e+00,6.504103e-11
985,3.243326e-02,0.000000e+00,6.510788e-11
986,3.240030e-02,0.000000e+00,6.517472e-11
987,3.236740e-02,0.000000e+00,6.524157e-11
988,3.233458e-02,0.000000e+00,6.530842e-11
989,3.230182e-02,0.000000e+00,6.537526e-11
990,3.226913e-02,0.000000e+00,6.544211e-11
991,3.223651e-02,0.000000e+00,6.550895e-11
992,3.220395e-02,0.000000e+00,6.557580e-11
993,3.217146e-02,0.000000e+00,6.564265e-11
994,3.213904e-02,0.000000e+00,6.570949e-11
995,3.210668e-02,0.000000e+00,6.577634e-11
996,3.207440e-02,0.000000e+00,6.584318e-11
997,3.204216e-02,0.000000e+00,6.591003e-11
998,3.201000e-02,0.000000e+00,6.597687e-11
999,2.525739e+00,0.000000e+00,0.000000e+00
